-- phpMyAdmin SQL Dump
-- version 4.0.10deb1
-- http://www.phpmyadmin.net
--
-- Host: localhost
-- Generation Time: Jul 25, 2015 at 08:44 AM
-- Server version: 5.5.40-0ubuntu0.14.04.1
-- PHP Version: 5.5.9-1ubuntu4.5

SET SQL_MODE = "NO_AUTO_VALUE_ON_ZERO";
SET time_zone = "+00:00";


/*!40101 SET @OLD_CHARACTER_SET_CLIENT=@@CHARACTER_SET_CLIENT */;
/*!40101 SET @OLD_CHARACTER_SET_RESULTS=@@CHARACTER_SET_RESULTS */;
/*!40101 SET @OLD_COLLATION_CONNECTION=@@COLLATION_CONNECTION */;
/*!40101 SET NAMES utf8 */;

--
-- Database: `admin_beachbuggy`
--

-- --------------------------------------------------------

--
-- Table structure for table `admin`
--

CREATE TABLE IF NOT EXISTS `admin` (
  `adminID` int(11) NOT NULL AUTO_INCREMENT,
  `adminName` varchar(225) COLLATE utf8_bin NOT NULL,
  `adminEmail` varchar(225) COLLATE utf8_bin NOT NULL,
  `adminPass` varchar(225) COLLATE utf8_bin NOT NULL,
  PRIMARY KEY (`adminID`)
) ENGINE=InnoDB  DEFAULT CHARSET=utf8 COLLATE=utf8_bin AUTO_INCREMENT=2 ;

--
-- Dumping data for table `admin`
--

INSERT INTO `admin` (`adminID`, `adminName`, `adminEmail`, `adminPass`) VALUES
(1, 'admin', 'php1@webmobtech.com', '21232f297a57a5a743894a0e4a801fc3');

-- --------------------------------------------------------

--
-- Table structure for table `tblBid`
--

CREATE TABLE IF NOT EXISTS `tblBid` (
  `pkBidId` int(11) NOT NULL AUTO_INCREMENT,
  `fkDriverId` int(11) NOT NULL,
  `fkPickupId` int(11) NOT NULL,
  `pickupTime` varchar(225) NOT NULL,
  `status` char(1) NOT NULL COMMENT '0=open,1=deleted',
  PRIMARY KEY (`pkBidId`)
) ENGINE=InnoDB  DEFAULT CHARSET=utf8 AUTO_INCREMENT=212 ;

--
-- Dumping data for table `tblBid`
--

INSERT INTO `tblBid` (`pkBidId`, `fkDriverId`, `fkPickupId`, `pickupTime`, `status`) VALUES
(1, 2, 3, '5', '0'),
(2, 1, 3, '1', '0'),
(3, 1, 2, '6', '0'),
(4, 1, 7, '5', '0'),
(5, 1, 8, '4', '0'),
(6, 2, 8, '6', '0'),
(7, 1, 9, '6', '0'),
(8, 3, 10, '4', '0'),
(9, 3, 14, '1', '0'),
(10, 3, 13, '3', '0'),
(11, 3, 17, '2', '1'),
(12, 3, 16, '6', '0'),
(13, 1, 17, '5', '0'),
(14, 3, 20, '3', '0'),
(15, 2, 20, '6', '0'),
(16, 2, 21, '7', '0'),
(17, 1, 22, '2', '0'),
(18, 3, 22, '4', '0'),
(19, 3, 23, '3', '0'),
(20, 1, 23, '3', '0'),
(21, 3, 24, '1', '0'),
(22, 1, 25, '7', '0'),
(23, 1, 26, '4', '0'),
(24, 1, 27, '2', '0'),
(25, 1, 28, '6', '0'),
(26, 1, 29, '5', '0'),
(27, 5, 30, '10', '0'),
(28, 5, 36, '3', '0'),
(29, 5, 37, '4', '0'),
(30, 5, 38, '1', '0'),
(31, 1, 39, '3', '0'),
(32, 2, 40, '5', '0'),
(33, 2, 41, '8', '0'),
(34, 3, 42, '1', '0'),
(35, 5, 43, '2', '0'),
(36, 2, 45, '5', '0'),
(37, 2, 46, '6', '0'),
(38, 1, 46, '3', '0'),
(39, 1, 47, '4', '0'),
(40, 2, 47, '1', '0'),
(41, 1, 48, '2', '0'),
(42, 2, 48, '2', '0'),
(43, 2, 49, '2', '0'),
(44, 1, 49, '2', '0'),
(45, 1, 50, '2', '0'),
(46, 1, 52, '2', '0'),
(47, 2, 55, '6', '0'),
(48, 2, 57, '7', '0'),
(49, 1, 56, '3', '0'),
(50, 1, 62, '2', '0'),
(51, 2, 61, '7', '0'),
(54, 1, 67, '2', '0'),
(55, 2, 68, '7', '0'),
(56, 2, 69, '6', '0'),
(57, 2, 70, '5', '0'),
(58, 2, 71, '1', '0'),
(59, 2, 72, '2', '0'),
(60, 2, 73, '5', '0'),
(61, 1, 74, '2', '0'),
(62, 1, 75, '5', '0'),
(63, 2, 78, '6', '0'),
(64, 1, 82, '7', '0'),
(65, 2, 84, '5', '0'),
(66, 1, 84, '2', '0'),
(67, 1, 86, '2', '0'),
(68, 1, 87, '2', '0'),
(69, 2, 83, '9', '0'),
(70, 5, 88, '1', '0'),
(71, 2, 90, '14', '0'),
(72, 2, 91, '6', '0'),
(73, 4, 92, '0', '0'),
(74, 4, 97, '3', '0'),
(75, 4, 98, '6', '0'),
(76, 4, 99, '5', '0'),
(77, 4, 100, '4', '0'),
(78, 4, 101, '5', '0'),
(79, 4, 102, '5', '0'),
(80, 4, 103, '5', '0'),
(81, 4, 104, '2', '0'),
(82, 4, 105, '5', '0'),
(83, 4, 106, '4', '0'),
(84, 3, 107, '5', '0'),
(85, 4, 107, '8', '0'),
(86, 4, 108, '5', '0'),
(87, 4, 109, '7', '0'),
(88, 4, 110, '11', '0'),
(89, 4, 111, '4', '0'),
(90, 4, 112, '0', '0'),
(91, 1, 113, '4', '0'),
(92, 2, 115, '7', '0'),
(93, 1, 114, '1', '0'),
(94, 2, 116, '3', '0'),
(95, 5, 117, '3', '0'),
(96, 5, 118, '5', '0'),
(97, 5, 119, '10', '0'),
(98, 5, 120, '3', '0'),
(99, 5, 122, '3', '0'),
(100, 5, 124, '4', '0'),
(101, 4, 129, '4', '0'),
(102, 1, 130, '3', '0'),
(103, 2, 137, '6', '0'),
(104, 4, 138, '2', '0'),
(105, 2, 140, '7', '0'),
(106, 2, 141, '6', '0'),
(107, 4, 142, '5', '0'),
(108, 4, 143, '5', '0'),
(109, 4, 144, '5', '0'),
(110, 4, 145, '5', '0'),
(111, 4, 146, '5', '0'),
(112, 4, 147, '11', '0'),
(113, 4, 148, '4', '0'),
(114, 4, 149, '5', '0'),
(115, 4, 150, '5', '0'),
(116, 4, 151, '5', '0'),
(117, 4, 152, '7', '0'),
(118, 4, 153, '5', '0'),
(119, 2, 159, '5', '0'),
(120, 1, 160, '2', '0'),
(121, 2, 158, '7', '0'),
(122, 2, 161, '7', '0'),
(123, 1, 164, '1', '0'),
(124, 2, 163, '4', '0'),
(125, 1, 165, '2', '0'),
(126, 1, 166, '2', '0'),
(127, 1, 167, '6', '0'),
(128, 5, 168, '3', '0'),
(129, 5, 170, '3', '0'),
(130, 5, 171, '3', '0'),
(131, 4, 172, '2', '0'),
(132, 4, 173, '4', '0'),
(133, 4, 174, '1', '0'),
(134, 4, 175, '2', '0'),
(135, 4, 176, '1', '0'),
(136, 4, 177, '2', '0'),
(137, 4, 179, '4', '0'),
(138, 4, 180, '3', '0'),
(139, 4, 181, '4', '0'),
(140, 4, 182, '5', '0'),
(141, 4, 183, '3', '0'),
(142, 4, 184, '2', '0'),
(143, 4, 185, '3', '0'),
(144, 4, 186, '3', '0'),
(145, 4, 187, '0', '0'),
(146, 4, 188, '5', '0'),
(147, 4, 189, '2', '0'),
(148, 4, 190, '3', '0'),
(149, 4, 191, '44', '0'),
(150, 7, 193, '4', '0'),
(151, 4, 194, '1', '0'),
(152, 4, 195, '2', '0'),
(153, 4, 196, '0', '0'),
(154, 4, 197, '3', '0'),
(155, 4, 198, '3', '0'),
(156, 4, 199, '2', '0'),
(157, 4, 200, '3', '0'),
(158, 4, 201, '1', '0'),
(159, 4, 202, '2', '0'),
(160, 4, 203, '2', '0'),
(161, 4, 204, '0', '0'),
(162, 4, 205, '0', '0'),
(163, 4, 206, '1', '0'),
(164, 4, 207, '10', '0'),
(165, 4, 208, '3', '0'),
(166, 4, 209, '3', '0'),
(167, 4, 210, '4', '0'),
(168, 4, 211, '2', '0'),
(169, 4, 212, '2', '0'),
(170, 4, 213, '0', '0'),
(171, 4, 214, '8', '0'),
(172, 4, 216, '3', '0'),
(173, 4, 217, '2', '0'),
(174, 4, 219, '3', '0'),
(175, 4, 226, '3', '0'),
(176, 4, 227, '3', '0'),
(177, 4, 228, '4', '0'),
(178, 1, 229, '1', '0'),
(179, 4, 230, '3', '0'),
(180, 4, 231, '6', '0'),
(181, 4, 236, '4', '0'),
(182, 4, 237, '3', '0'),
(183, 3, 238, '3', '0'),
(184, 4, 239, '2', '0'),
(185, 4, 240, '4', '0'),
(186, 1, 240, '3', '0'),
(187, 2, 240, '3', '0'),
(188, 4, 241, '2', '0'),
(189, 4, 243, '2', '0'),
(190, 4, 244, '18', '0'),
(191, 4, 245, '12', '0'),
(192, 4, 247, '3', '0'),
(193, 4, 248, '5', '0'),
(194, 1, 249, '2', '0'),
(195, 1, 250, '2', '0'),
(196, 1, 251, '2', '0'),
(197, 4, 252, '3', '0'),
(198, 4, 254, '2', '0'),
(199, 4, 255, '3', '0'),
(200, 2, 256, '2', '0'),
(201, 2, 257, '5', '0'),
(202, 2, 262, '4', '0'),
(203, 2, 263, '6', '0'),
(204, 4, 264, '2', '0'),
(205, 2, 268, '8', '0'),
(206, 2, 269, '11', '0'),
(207, 1, 272, '6', '0'),
(208, 1, 273, '8', '0'),
(209, 9, 274, '3', '0'),
(210, 9, 275, '3', '0'),
(211, 9, 276, '6', '0');

-- --------------------------------------------------------

--
-- Table structure for table `tbldriver`
--

CREATE TABLE IF NOT EXISTS `tbldriver` (
  `pkDriverId` int(11) NOT NULL AUTO_INCREMENT,
  `uniqueID` varchar(225) NOT NULL,
  `firstName` varchar(255) NOT NULL,
  `lastName` varchar(255) NOT NULL,
  `emailID` varchar(225) NOT NULL,
  `password` varchar(225) NOT NULL,
  `homeAddress` varchar(255) NOT NULL,
  `phoneNo` varchar(255) NOT NULL,
  `licenseNumber` varchar(255) NOT NULL,
  `queueSize` int(3) NOT NULL,
  `accessToken` varchar(225) NOT NULL,
  `status` char(2) NOT NULL COMMENT 'A -active ,I- inActive UN- unregister',
  PRIMARY KEY (`pkDriverId`)
) ENGINE=InnoDB  DEFAULT CHARSET=utf8 AUTO_INCREMENT=10 ;

--
-- Dumping data for table `tbldriver`
--

INSERT INTO `tbldriver` (`pkDriverId`, `uniqueID`, `firstName`, `lastName`, `emailID`, `password`, `homeAddress`, `phoneNo`, `licenseNumber`, `queueSize`, `accessToken`, `status`) VALUES
(1, '4cf9961d8c60e1a2de69ab69706b2422', 'Darshini', 'Driver', 'hello@webmobtech.com', '091283', 'ahmedabad', '9712833798', 'abc', 3, 'token_1693557320', 'A'),
(2, '5aa4cd9345b3428ee1865739e8e45ea', 'milap', 'Driver', 'android@webmobtech.com', '091283', 'Anjar', '9825874345', 'milap11288', 3, 'token_672606163', 'A'),
(3, '40a21af95edc491432bb19e9acdb74b5', 'Pramesh', 'Driver', 'pjain@webmobtech.com', '091283', 'Abad', '94226546', '1234', 1, '', 'A'),
(4, 'F8D79FD9-3972-42AA-A7CE-08E57BC51576', 'Samir', 'Driver', 'ios@webmobtech.com', '091283', 'Ahmedabad', '8095100892', '000-999-999-AAA', 3, '', 'A'),
(5, '9856ae5ac80d81de7d94f08bfb4e89', 'Test', 'Test', 'test@aol.com', 'test', 'Test', '11', '1', 3, 'token_1517318680', 'A'),
(6, '9856ae5ac80d81de7d94f08bfb4e89', 'Test', 'Test', 'tes@aol.com', 'test', 'Test', '111', '1', 3, 'token_1387270865', 'A'),
(7, 'fa56da4b94802416e36efdca3efe3f3a', 'Julia', 'Russell', 'marketinghero@goc7.com', 'password', '564 aquatic drive', '4436313310', '9csm80', 3, '', 'A'),
(8, 'E83A5F40-38DB-458B-80C2-9A2CE98D5624', 'sami', 'sol', 'abc@gmail.com', '321321', 'test', '123123', '123123', 3, 'token_760278173', 'UA'),
(9, 'fa56da4b94802416e36efdca3efe3f3a', 'Hannah', 'R', 'calvin@goc7.com', 'test', '564', '4436313310', 'mcsm80', 3, 'token_657205837', 'A');

-- --------------------------------------------------------

--
-- Table structure for table `tblPickUp`
--

CREATE TABLE IF NOT EXISTS `tblPickUp` (
  `PkPickUpId` int(11) NOT NULL AUTO_INCREMENT,
  `pickupTime` timestamp NOT NULL DEFAULT CURRENT_TIMESTAMP,
  `sourceLat` varchar(255) NOT NULL,
  `sourceLong` varchar(255) NOT NULL,
  `destinationLat` varchar(255) NOT NULL,
  `destinationLong` varchar(255) NOT NULL,
  `numberOfRiders` int(11) NOT NULL,
  `driverNotes` varchar(255) NOT NULL,
  `fkUserID` int(11) NOT NULL,
  `fkDriverId` int(11) NOT NULL,
  `status` char(2) DEFAULT NULL COMMENT '0-Open,1-in driver queue,2- arrived,3- cancel by user,4-no show,5-finish',
  PRIMARY KEY (`PkPickUpId`)
) ENGINE=InnoDB  DEFAULT CHARSET=utf8 AUTO_INCREMENT=281 ;

--
-- Dumping data for table `tblPickUp`
--

INSERT INTO `tblPickUp` (`PkPickUpId`, `pickupTime`, `sourceLat`, `sourceLong`, `destinationLat`, `destinationLong`, `numberOfRiders`, `driverNotes`, `fkUserID`, `fkDriverId`, `status`) VALUES
(1, '2015-06-11 12:08:59', '23.0191619724136', '72.55763400346041', '23.019190978880875', '72.55759812891483', 1, '', 2, 0, '3'),
(3, '2015-06-11 12:12:32', '23.01911691980313', '72.55760885775089', '23.021950267697573', '72.54273366183043', 2, 'Hi buddy', 1, 1, '6'),
(4, '2015-06-11 12:43:36', '23.019215048072386', '72.55756996572018', '23.019218133865863', '72.55756091326475', 1, '', 2, 0, '3'),
(7, '2015-06-11 14:20:02', '23.02089370929246', '72.54849974066019', '23.08931128091248', '72.53423541784286', 1, 'Shraddha', 1, 0, '9'),
(10, '2015-06-11 15:06:22', '23.026627846052087', '72.53803811967373', '23.021451612659465', '72.6108443364501', 3, '', 1, 3, '6'),
(11, '2015-06-11 15:19:27', '23.019211962278845', '72.55756493657827', '23.019199001945196', '72.55758706480265', 9, '', 2, 0, '3'),
(12, '2015-06-11 15:35:29', '23.019235105728693', '72.55753308534622', '23.019168144002908', '72.55763500928879', 2, '', 2, 0, '3'),
(13, '2015-06-11 15:46:56', '23.01921412233434', '72.55754884332418', '23.01917493275081', '72.5576239451766', 2, '', 2, 0, '5'),
(16, '2015-06-11 16:09:34', '23.01673034425044', '72.54844542592764', '23.024462646402146', '72.57053576409817', 1, 'Ride 1 mitul', 2, 3, '3'),
(17, '2015-06-11 16:09:56', '23.01908297604557', '72.5578710436821', '23.028842997220448', '72.5467985495925', 2, 'Ride1', 1, 1, '6'),
(18, '0000-00-00 00:00:00', '22.96688157148148', '72.57136188447475', '22.96688157148148', '72.57136188447475', 1, '', 4, 0, '8'),
(19, '0000-00-00 00:00:00', '22.96688157148148', '72.57136188447475', '22.96688157148148', '72.57136188447475', 1, '', 4, 0, '8'),
(20, '2015-06-11 16:29:15', '23.019126794349177', '72.55771648138762', '23.01917493275081', '72.55761690437794', 10, 'Ride 2 mitul', 2, 3, '3'),
(21, '2015-06-11 16:36:58', '23.019248066058882', '72.55754012614489', '23.019218133865863', '72.55757097154856', 10, 'Ride 3 mitul', 2, 0, '9'),
(23, '2015-06-11 16:54:42', '23.019215973810432', '72.5575840473175', '23.011457757271653', '72.55055364221334', 1, 'Ride 4 mitul', 2, 3, '5'),
(25, '2015-06-11 17:13:23', '23.019348045706998', '72.55781203508377', '23.02511464761868', '72.55168955773115', 2, 'Ride2 shrddha', 1, 0, '9'),
(26, '2015-06-11 17:37:43', '23.019161046675183', '72.55761690437794', '23.0192360314666', '72.55752101540565', 3, '', 2, 0, '3'),
(30, '2015-06-11 17:54:08', '23.019177092806903', '72.55781102925539', '23.03234168321056', '72.59550008922815', 2, 'Ride3 shraddha', 1, 5, '5'),
(31, '2015-06-11 17:54:53', '23.019240042997488', '72.55753509700298', '23.01921011080269', '72.55757097154856', 9, 'Ride 5 mitul', 2, 0, '5'),
(32, '2015-06-11 18:28:34', '23.019215973810432', '72.55756694823503', '23.019238191521712', '72.5575240328908', 4, 'Ride 6 mintul', 2, 0, '5'),
(34, '2015-06-11 09:07:59', '30.300670533536472', '-81.39293912798166', '30.30485450053733', '-81.39528773725033', 4, '', 6, 0, '3'),
(39, '2015-06-11 18:55:12', '23.019161046675183', '72.55774095654488', '23.031187086762344', '72.5176053866744', 2, 'Ride4 ', 1, 0, '9'),
(41, '2015-06-11 19:25:51', '23.019253003327194', '72.55752805620432', '23.019288181358704', '72.55748715251684', 2, 'Ride 8 mitul', 2, 2, '5'),
(43, '2015-06-11 11:28:30', '30.29952102579632', '-81.39284390956163', '30.298277133818434', '-81.39254752546549', 2, '', 6, 5, '5'),
(44, '2015-06-11 18:40:41', '30.300681533545422', '-81.39296896755695', '30.295906545234825', '-81.39098849147558', 3, '', 6, 0, '8'),
(45, '2015-06-12 11:16:49', '23.032358961970587', '72.5578261166811', '23.021343920209222', '72.56292331963778', 2, 'Ride 8 mitul', 2, 0, '3'),
(46, '2015-06-12 11:20:28', '23.01918696734854', '72.55761187523603', '23.01005054716338', '72.56048619747162', 1, 'Ride 9 mitul', 2, 1, '5'),
(47, '2015-06-12 11:27:26', '23.01921011080269', '72.55757700651884', '23.0236066778789', '72.56249248981476', 10, 'Ride 10 mitul', 2, 2, '5'),
(48, '2015-06-12 11:33:41', '23.018699102410885', '72.5573530420661', '22.956561679705462', '72.74123322218657', 2, 'Ride1 shraddha', 1, 1, '5'),
(49, '2015-06-12 11:39:34', '23.019149012075154', '72.5576450675726', '23.019215973810432', '72.5575478374958', 1, 'Ride 11 mitul', 2, 0, '9'),
(50, '2015-06-12 11:52:48', '23.019593057247313', '72.5575639307499', '62.96194649489025', '-141.92388888448477', 10, 'Ride 11 mitul', 2, 1, '5'),
(51, '0000-00-00 00:00:00', '22.96688157148148', '72.57136188447475', '22.97257139121873', '72.58234821259975', 2, 'Urgent!!', 4, 0, '3'),
(52, '2015-06-12 12:10:52', '23.019203939215302', '72.55758002400398', '23.019186041610286', '72.55759712308645', 1, 'Ride 12 mitul', 2, 1, '5'),
(53, '0000-00-00 00:00:00', '22.96688157148148', '72.57136188447475', '22.96688157148148', '72.58990131318569', 2, 'Urgent..........:( :( .. Please !!! 108..', 4, 0, '3'),
(54, '0000-00-00 00:00:00', '22.96688157148148', '72.57136188447475', '22.97952529007235', '72.596081122756', 2, 'Urgent...', 4, 0, '8'),
(55, '2015-06-12 13:58:14', '23.019176167068576', '72.55763400346041', '62.96194649489025', '-141.92388888448477', 1, 'Ride 12 mitul', 2, 2, '5'),
(56, '2015-06-12 14:02:47', '23.019099947925422', '72.55772184580564', '23.00757030361537', '72.59348977357149', 2, 'Ride3 shraddha', 1, 0, '3'),
(57, '2015-06-12 14:04:14', '23.019215048072386', '72.5575639307499', '23.017458294386053', '72.56011236459017', 1, 'Ride 13 mitul', 2, 2, '5'),
(58, '0000-00-00 00:00:00', '22.96382078651466', '72.55749519914389', '22.96887853039196', '72.58221443742514', 2, 'Urgent...', 4, 0, '8'),
(59, '0000-00-00 00:00:00', '22.96688157148148', '72.57136188447475', '22.97193920085267', '72.59882770478725', 2, 'Urgent', 4, 0, '8'),
(60, '2015-06-12 14:23:09', '23.019099947925422', '72.55783818662167', '23.019081124567645', '72.55766283720732', 1, 'Ride4 shraddha', 1, 0, '3'),
(61, '2015-06-12 14:24:28', '23.019098096447728', '72.55772687494755', '23.019098096447728', '72.55772687494755', 2, 'Ride5 shraddha', 1, 0, '3'),
(62, '2015-06-12 14:25:07', '23.019192213198487', '72.55758102983236', '23.01925022611379', '72.55752101540565', 2, 'Ride 14 mitul', 2, 1, '5'),
(63, '2015-06-12 14:30:57', '22.96814599656386', '72.57273517549038', '22.97573229869339', '72.585094794631', 2, 'Urgent please', 4, 0, '8'),
(64, '2015-06-12 14:34:38', '23.019091924855214', '72.55772184580564', '23.019091924855214', '72.55772184580564', 2, 'Ride6 shraddha', 1, 0, '3'),
(66, '2015-06-12 14:47:05', '23.01930793042499', '72.55786098539829', '23.01930793042499', '72.55786098539829', 2, 'Ride6 shraddha', 1, 0, '3'),
(67, '2015-06-12 14:49:35', '23.01956003934529', '72.55820699036121', '23.01932305080192', '72.55800012499094', 2, 'Ride7 shraddha', 1, 1, '3'),
(69, '2015-06-12 15:22:13', '23.019168144002908', '72.55772184580564', '23.008974453565184', '72.57976055145264', 2, 'Ride7 shraddha', 1, 2, '3'),
(70, '2015-06-12 15:44:15', '23.01922739124586', '72.55789585411549', '23.01921998534192', '72.55790390074253', 2, 'Ride8 shraddha', 1, 2, '3'),
(71, '2015-06-12 15:48:53', '23.019203939215302', '72.55789685994387', '23.019203939215302', '72.55789685994387', 2, 'Ride9 shraddha', 1, 2, '5'),
(72, '2015-06-12 15:52:16', '23.019061066888433', '72.55762495100498', '23.019061066888433', '72.55762495100498', 2, 'Ride10 shraddha', 1, 2, '3'),
(73, '2015-06-12 16:03:30', '23.019106119517556', '72.55780298262835', '23.019106119517556', '72.55780298262835', 2, 'Ride11 shraddha', 1, 2, '3'),
(74, '2015-06-12 16:20:25', '23.019041009206234', '72.55782008171082', '23.019041009206234', '72.55782008171082', 2, 'Ride12 shraddha', 1, 1, '9'),
(75, '2015-06-12 16:24:10', '23.01929003283379', '72.557876072824', '23.015642269024216', '72.551572881639', 2, 'Ride13 shraddha', 1, 1, '9'),
(76, '2015-06-12 16:32:56', '23.019070941438567', '72.55773894488811', '23.02224402896078', '72.56664790213108', 2, 'Ride14 shraddha', 1, 0, '3'),
(77, '2015-06-12 16:54:59', '23.019197150468848', '72.55737885832787', '23.019974151138804', '72.55742210894823', 2, 'Ride15 shraddha', 1, 0, '3'),
(78, '2015-06-12 16:55:37', '23.01959768592452', '72.55483210086823', '23.031102234949596', '72.5642205029726', 5, 'Ride 1', 8, 2, '5'),
(79, '2015-06-12 17:04:11', '23.019497089304075', '72.558010853827', '23.026119334280907', '72.55376391112804', 2, 'Ride16 shraddha', 1, 0, '3'),
(80, '2015-06-12 17:05:31', '23.019489991993666', '72.55800884217024', '23.025510845587227', '72.55417060106993', 2, 'Ride17 shraddha', 1, 0, '3'),
(81, '2015-06-12 17:06:41', '23.019589971462423', '72.5575639307499', '23.019477031686733', '72.55800113081932', 2, 'Ride18 shraddha', 1, 0, '3'),
(82, '2015-06-12 17:07:56', '23.019589971462423', '72.5575639307499', '23.019484128997828', '72.55799811333418', 2, 'Ride19 shraddha', 1, 1, '6'),
(83, '2015-06-12 17:17:58', '22.96688157148148', '72.57136188447475', '22.96624935450568', '72.58921466767788', 2, 'Urgent needed...', 4, 2, '6'),
(84, '2015-06-12 17:48:36', '23.019225231190582', '72.55754414945841', '23.00791501606626', '72.55265213549137', 2, 'Ride 14 mitul', 2, 1, '5'),
(85, '2015-06-12 17:53:04', '23.01920208773903', '72.55754616111517', '23.01920795074713', '72.55757298320532', 1, '', 2, 0, '3'),
(86, '2015-06-12 17:58:01', '23.019135125996844', '72.55744490772486', '23.019135125996844', '72.55744490772486', 2, 'Ride20 shraddha', 1, 1, '9'),
(87, '2015-06-12 17:59:31', '23.01920795074713', '72.5575639307499', '23.019213196596265', '72.55756191909313', 3, '', 2, 1, '3'),
(88, '2015-06-12 16:31:18', '30.31635702888803', '-81.39498263597488', '30.321921984989476', '-81.39574103057384', 5, '', 6, 5, '5'),
(90, '2015-06-15 11:26:35', '23.022504463831186', '72.57136188447475', '23.01798473658869', '72.56172437220812', 1, '', 9, 2, '5'),
(91, '2015-06-15 11:49:59', '23.022504463831186', '72.57136188447475', '23.024758253591468', '72.59053934365511', 1, 'ride 1', 9, 2, '5'),
(92, '2015-06-15 13:13:00', '23.022504463831186', '72.57136188447475', '23.11156863323287', '72.57276199758053', 3, '', 1, 4, '3'),
(93, '2015-06-15 14:28:19', '23.029770517319317', '72.55896605551243', '23.024955427546335', '72.59417038410902', 1, 'msg for driver 2', 1, 0, '3'),
(94, '2015-06-15 14:30:47', '22.96688157148148', '72.57136188447475', '22.97446794457489', '72.60500751435757', 2, 'urgent.... no excuse....', 4, 0, '8'),
(95, '2015-06-15 16:22:49', '23.034360506197267', '72.57068764418364', '23.026886112521748', '72.56403241306543', 1, 'test', 1, 0, '8'),
(96, '2015-06-15 17:22:19', '23.0220706111496', '72.57136188447475', '23.0220706111496', '72.57136188447475', 2, '', 4, 0, '3'),
(97, '2015-06-16 12:14:01', '23.01922121965926', '72.55754515528679', '23.018893816585614', '72.5578261166811', 2, '', 8, 4, '9'),
(98, '2015-06-16 12:18:00', '23.0220706111496', '72.57136188447475', '23.02133990874094', '72.57098637521267', 3, '', 4, 4, '5'),
(99, '2015-06-16 12:23:03', '23.01831615342772', '72.55772318691015', '23.01717439738637', '72.5576588138938', 3, '', 4, 4, '5'),
(100, '2015-06-16 12:35:25', '23.02175463221556', '72.57136188447475', '23.02028365413022', '72.57006905972958', 2, '', 4, 4, '9'),
(101, '2015-06-16 12:52:36', '23.0220706111496', '72.57136188447475', '23.02029322001395', '72.57004223763943', 3, '', 4, 4, '5'),
(102, '2015-06-16 13:03:28', '23.0220706111496', '72.57136188447475', '23.02058821919202', '72.57016930729151', 3, '', 7, 4, '3'),
(103, '2015-06-16 13:28:56', '23.02194224479695', '72.5712975114584', '23.02093135549936', '72.57064305245876', 2, 'Test-123', 7, 4, '5'),
(104, '2015-06-16 14:12:00', '23.0220706111496', '72.57136188447475', '23.0220706111496', '72.57136188447475', 2, 'Urgent', 7, 4, '5'),
(105, '2015-06-16 14:42:23', '23.0220706111496', '72.57136188447475', '23.02111279772622', '72.57071815431118', 2, 'Test', 7, 4, '5'),
(106, '2015-06-16 15:16:49', '23.0220706111496', '72.57136188447475', '23.02041603355771', '72.57037483155727', 3, '', 7, 4, '5'),
(107, '2015-06-16 15:34:59', '23.0220706111496', '72.57136188447475', '23.02160651683535', '72.5711365789175', 3, '', 7, 3, '5'),
(108, '2015-06-16 15:41:41', '23.0220706111496', '72.57136188447475', '23.02092518399075', '72.57055722177029', 3, '', 7, 4, '5'),
(109, '2015-06-16 15:54:49', '23.0220706111496', '72.57136188447475', '23.02016948062684', '72.57005866616964', 2, '', 7, 4, '5'),
(110, '2015-06-16 15:57:55', '23.0220706111496', '72.57136188447475', '23.0193304567002', '72.56930630654097', 2, '', 7, 4, '5'),
(111, '2015-06-16 16:06:00', '23.0220706111496', '72.57136188447475', '23.0220706111496', '72.57136188447475', 2, '', 7, 4, '5'),
(112, '2015-06-16 16:28:54', '23.01887684467982', '72.55752101540565', '23.01794832388818', '72.55753107368946', 3, '', 7, 4, '5'),
(113, '2015-06-16 16:55:02', '23.115863508784024', '72.55435701459646', '22.99313664687629', '72.50804297626019', 1, 'Come down', 5, 1, '5'),
(114, '2015-06-16 17:50:07', '23.019060141149318', '72.55788445472717', '23.01909686212925', '72.55787204951048', 2, 'Oye nam change na kro', 1, 1, '5'),
(117, '2015-06-16 10:44:34', '30.300734507255573', '-81.39298103749752', '30.293468446986857', '-81.39070887118578', 2, 'Hi', 6, 5, '5'),
(118, '2015-06-16 10:47:48', '30.30327431702023', '-81.3936673477292', '30.316893626213254', '-81.39507550746202', 4, '', 6, 5, '5'),
(119, '2015-06-16 11:01:37', '30.300777349360846', '-81.39305111020803', '30.293468446986857', '-81.39070887118578', 4, '', 6, 5, '5'),
(120, '2015-06-16 11:11:12', '30.30077937567618', '-81.39304809272289', '30.293468446986857', '-81.39070887118578', 2, '', 6, 5, '5'),
(121, '2015-06-16 11:16:47', '30.30039582238588', '-81.39310710132122', '30.293469894462813', '-81.39070887118578', 3, '', 10, 0, '8'),
(122, '2015-06-16 11:19:45', '30.300243848025637', '-81.39323584735394', '30.293469894462813', '-81.39070887118578', 3, '', 10, 0, '8'),
(123, '2015-06-16 11:25:30', '30.300540270178498', '-81.39311246573925', '30.293469894462813', '-81.39070887118578', 3, '', 10, 0, '8'),
(124, '2015-06-16 11:27:16', '30.30031882207281', '-81.39315403997898', '30.293469894462813', '-81.39070887118578', 3, '', 10, 5, '3'),
(125, '2015-06-16 11:30:44', '30.300308979923166', '-81.39315001666546', '30.293469894462813', '-81.39070887118578', 4, '', 10, 0, '8'),
(126, '2015-06-16 11:55:36', '30.300689349340523', '-81.39291398227215', '30.293468446986857', '-81.39070887118578', 5, '', 6, 0, '8'),
(127, '2015-06-16 12:04:28', '30.300347480091137', '-81.39318086206913', '30.293468446986857', '-81.39070887118578', 2, '', 6, 0, '8'),
(128, '2015-06-16 12:07:01', '30.293468446986857', '-81.39070887118578', '30.300698323030424', '-81.39299411326647', 2, '', 6, 0, '8'),
(129, '2015-06-17 12:37:42', '53.5869124949454', '9.982893615961075', '40.771133', '-73.974187', 2, '', 7, 0, '3'),
(130, '2015-06-17 12:39:42', '23.0189836133607', '72.55752000957727', '23.01723611417627', '72.55791965872049', 1, 'Urgent', 7, 1, '5'),
(131, '2015-06-17 13:07:18', '23.01887622751957', '72.55754113197327', '23.01676336284525', '72.55802325904369', 2, 'Test', 7, 0, '3'),
(132, '2015-06-17 13:11:14', '23.01896972726537', '72.55752336233854', '23.01826030018136', '72.55768127739429', 3, '', 7, 0, '3'),
(133, '2015-06-17 13:13:21', '23.01896972726537', '72.55752336233854', '23.01676644869483', '72.55826868116856', 3, 'Testing', 7, 0, '3'),
(134, '2015-06-17 13:14:28', '30.29305852093041', '-81.39070887118578', '23.01802176644352', '72.55785595625639', 2, 'Test', 7, 0, '3'),
(135, '2015-06-17 13:55:02', '23.01902033436147', '72.55746971815825', '23.01701794519743', '72.55796123296022', 2, '', 7, 0, '3'),
(136, '2015-06-17 13:56:02', '23.01888826214396', '72.5575428083539', '23.01704849504741', '72.55856808274984', 10, 'Jgftjfgfiyyjfjfjyfyiiyyjffjyf.  Itfjy fyj.  Khffkhfyk fuif kyf. Khg khf hif gyi fhj fhj fhjf kh hj fky kh fhkfkhfhkfhf. Kfh hjv. Fhk fgkh f', 7, 0, '3'),
(137, '2015-06-17 14:02:39', '30.29305852093041', '-81.39070887118578', '54.54325915089035', '34.65654607862234', 2, 'Urgent', 7, 2, '5'),
(138, '2015-06-17 14:22:38', '23.01911506832567', '72.55765210837126', '23.015794711175694', '72.55451425909996', 2, '', 4, 4, '5'),
(142, '2015-06-17 15:43:34', '23.0185469721231', '72.55763132125139', '23.01669084536003', '72.55805980414152', 2, '', 7, 4, '5'),
(143, '2015-06-17 15:50:36', '23.0220706111496', '72.57136188447475', '23.02064715723498', '72.57049385458231', 3, 'Test', 7, 4, '5'),
(144, '2015-06-17 15:57:37', '23.0189046168882', '72.5575652718544', '23.01574348569462', '72.5586586073041', 3, 'Test', 7, 4, '5'),
(145, '2015-06-17 16:05:08', '23.0220706111496', '72.57136188447475', '23.02040739341257', '72.57022798061371', 2, 'Test', 7, 4, '5'),
(146, '2015-06-17 16:08:08', '-33.86039189698185', '151.1999999731779', '-33.86039189698185', '151.1999999731779', 2, 'Test', 7, 4, '5'),
(147, '2015-06-17 16:13:02', '23.0220706111496', '72.57136188447475', '23.01906600416359', '72.56906624883413', 3, 'Test', 7, 4, '5'),
(148, '2015-06-17 16:21:50', '23.0220706111496', '72.57136188447475', '23.01953165011465', '72.56943237036467', 3, 'Test', 7, 4, '5'),
(149, '2015-06-17 16:50:59', '23.0220706111496', '72.57136188447475', '23.02079403936606', '72.57052469998598', 2, '', 7, 4, '5'),
(150, '2015-06-17 16:53:36', '23.0220706111496', '72.57136188447475', '23.01926164354631', '72.56932273507118', 3, 'Test', 7, 4, '5'),
(151, '2015-06-17 17:11:08', '23.0220706111496', '72.57136188447475', '23.01889443374579', '72.56889559328556', 2, '', 7, 4, '5'),
(152, '2015-06-17 17:14:40', '23.01890307398788', '72.55752336233854', '23.01705343239625', '72.55802895873785', 3, 'Test', 7, 4, '5'),
(153, '2015-06-17 17:19:40', '23.01885925561157', '72.55753979086876', '23.01468008968763', '72.55925036966801', 3, 'Test', 7, 4, '3'),
(155, '2015-06-17 17:50:43', '30.29305852093041', '-81.39070887118578', '40.77077559847077', '-73.97418703883886', 3, 'Test', 7, 0, '3'),
(156, '2015-06-17 17:51:34', '40.77060496799004', '-73.97416558116674', '30.29305852093041', '-81.39070887118578', 2, 'Test', 7, 0, '3'),
(157, '2015-06-17 17:52:49', '54.54325915089035', '34.65654607862234', '62.96172946146288', '-141.9238888844848', 3, 'Test', 7, 0, '3'),
(158, '2015-06-17 18:07:34', '23.0182337621667', '72.5579347461462', '23.01740706953682', '72.5580883026123', 2, '', 7, 2, '5'),
(159, '2015-06-17 18:12:12', '23.01958503420644', '72.55749888718128', '23.128402907844528', '72.54301596432924', 3, 'Ride 1 darshini', 11, 2, '5'),
(160, '2015-06-17 18:15:52', '23.019261026387824', '72.55750592797995', '23.01923201993561', '72.5575528666377', 1, 'Ride 007', 2, 1, '5'),
(161, '2015-06-17 18:27:04', '23.0196331724445', '72.55749184638262', '40.77113310853336', '-73.974190056324', 2, '', 11, 2, '5'),
(162, '2015-06-17 18:27:24', '23.01884197512124', '72.55754716694355', '23.01388701175803', '72.55977306514978', 2, 'Test', 7, 0, '3'),
(163, '2015-06-17 18:27:55', '23.01885802129091', '72.55753945559263', '23.01348553356538', '72.5587186217308', 3, 'Test', 7, 2, '5'),
(164, '2015-06-17 18:37:43', '23.019638109698718', '72.55749084055424', '23.008662455795108', '72.54281681030989', 2, 'Test', 2, 1, '5'),
(165, '2015-06-17 18:42:16', '23.019643046952755', '72.55751933902502', '23.01386973063061', '72.53027513623238', 3, '', 2, 1, '5'),
(166, '2015-06-17 18:49:22', '23.016636534366835', '72.55599148571491', '23.01962206362187', '72.56077855825424', 2, '', 5, 1, '5'),
(167, '2015-06-17 18:53:55', '23.01916289815203', '72.5576138868928', '23.00918985813283', '72.54302836954594', 4, '', 2, 1, '5'),
(168, '2015-06-17 13:34:06', '30.300629428228856', '-81.39295790344477', '30.293468446986857', '-81.39070887118578', 3, '', 6, 5, '5'),
(169, '2015-06-17 13:43:33', '30.300377874949895', '-81.39305613934994', '30.293469894462813', '-81.39070887118578', 3, '', 6, 0, '8'),
(170, '2015-06-17 13:47:33', '30.300315927323002', '-81.39306485652924', '30.293469894462813', '-81.39070887118578', 4, '', 6, 0, '8'),
(171, '2015-06-18 08:53:50', '23.115882935321338', '72.57256116718054', '23.115894036198526', '72.5725718960166', 3, 'Test', 4, 5, '3'),
(172, '2015-06-18 09:16:34', '23.113050023121154', '72.57522191852331', '23.113050023121154', '72.57522191852331', 4, '', 4, 0, '3'),
(173, '2015-06-18 16:45:49', '23.019182955816085', '72.55756191909313', '27.749645521040886', '-96.50976084172726', 2, '', 4, 4, '9'),
(174, '2015-06-18 17:48:57', '23.019215048072386', '72.5575478374958', '23.019189127404438', '72.55755890160799', 5, '', 4, 4, '3'),
(175, '2015-06-18 18:14:53', '23.019223996873265', '72.55751498043537', '-12.327370330911414', '19.482903108000755', 4, 'Test', 4, 4, '3'),
(176, '2015-06-18 18:24:41', '23.019215048072386', '72.55754314363003', '23.015520376896532', '72.55851376801729', 6, 'Test', 4, 4, '3'),
(177, '2015-06-18 18:34:51', '23.019232945673544', '72.55753811448812', '23.013998413258427', '72.5597945228219', 3, 'Test\nTrst', 4, 4, '9'),
(178, '2015-06-19 09:09:50', '23.02145346410485', '72.57129214704037', '39.24274453979174', '-84.44973539561033', 2, '', 15, 0, '3'),
(179, '2015-06-19 12:50:14', '23.0220706111496', '72.57136188447475', '23.02090512658583', '72.57054012268782', 2, 'Test', 7, 4, '5'),
(180, '2015-06-19 12:55:48', '-33.86039189698185', '151.1999999731779', '-33.86039189698185', '151.1999999731779', 2, '', 7, 4, '5'),
(181, '2015-06-19 15:06:10', '23.01890955416908', '72.55750492215157', '23.01087697628216', '72.55975227802992', 2, 'Tes', 7, 4, '5'),
(182, '2015-06-19 15:13:05', '23.01887005591691', '72.55751464515924', '23.01272454241313', '72.55970198661089', 3, 'Test', 7, 4, '5'),
(183, '2015-06-19 16:13:39', '23.02148154435673', '72.57250282913446', '23.02033456931002', '72.57337722927332', 2, 'Test', 7, 4, '5'),
(184, '2015-06-19 16:57:01', '23.01889721096652', '72.5574754178524', '23.01542934346352', '72.55869884043932', 2, 'Test', 7, 4, '5'),
(185, '2015-06-19 17:01:33', '23.01892035447039', '72.55752872675657', '23.01593295816004', '72.55855400115252', 2, '', 7, 4, '5'),
(186, '2015-06-19 17:21:44', '23.01888455918272', '72.55752135068178', '23.01562190224599', '72.55860932171345', 2, 'Test', 7, 0, '3'),
(187, '2015-06-19 17:23:11', '23.01888455918272', '72.55752135068178', '23.01568053387195', '72.55892716348171', 3, 'Test', 7, 4, '5'),
(188, '2015-06-19 17:36:19', '23.01880340259017', '72.55750391632318', '23.01349942022535', '72.56013952195644', 3, 'Test', 7, 4, '3'),
(189, '2015-06-19 17:48:33', '23.01884536950344', '72.55756057798862', '23.01600300735918', '72.55857042968273', 3, 'Test', 7, 4, '3'),
(190, '2015-06-19 17:57:05', '23.01702535122232', '72.55814697593451', '23.01290815583755', '72.55949009209871', 4, 'Test', 7, 4, '3'),
(191, '2015-06-19 18:06:02', '23.01893825211065', '72.55748178809881', '23.01699912154907', '72.55897980183363', 4, 'Test', 7, 4, '5'),
(192, '2015-06-19 09:06:29', '30.22837935234277', '-81.3855580240488', '30.293468446986857', '-81.39070887118578', 1, 'Hurry!', 12, 0, '8'),
(193, '2015-06-19 09:07:40', '30.22837935234277', '-81.3855580240488', '30.293468446986857', '-81.39070887118578', 1, '', 12, 7, '9'),
(194, '2015-06-19 22:39:22', '23.11546079294884', '72.5725407153368', '23.11300099320117', '72.57292293012142', 3, 'Test', 4, 4, '5'),
(195, '2015-06-19 22:47:18', '-33.86039189698185', '151.1999999731779', '-33.86364619877754', '151.2015137448907', 3, 'Test', 4, 4, '3'),
(196, '2015-06-19 22:51:34', '-33.86039189698185', '151.1999999731779', '-33.86347136220685', '151.204897351563', 3, 'Test', 4, 4, '3'),
(197, '2015-06-19 23:15:27', '23.11549440404103', '72.57266409695148', '23.11253104513504', '72.57307011634111', 3, 'Test', 4, 4, '5'),
(198, '2015-06-19 23:20:02', '23.11536396828763', '72.57230468094349', '23.10982387788403', '72.57235966622829', 3, 'Test', 4, 4, '3'),
(199, '2015-06-20 09:44:28', '-33.86039189698185', '151.1999999731779', '-33.86144373296003', '151.2032249942422', 3, 'Test', 4, 4, '5'),
(200, '2015-06-20 09:51:33', '-33.86039189698185', '151.1999999731779', '-33.86144790909611', '151.2093444541097', 6, 'Test', 4, 4, '5'),
(201, '2015-06-20 12:24:56', '40.77077559847077', '-73.97418703883886', '-33.86136995452226', '151.2027589604259', 2, 'Test', 4, 4, '5'),
(202, '2015-06-20 13:24:15', '23.01885184968742', '72.55755890160799', '23.01581754662484', '72.55919806659222', 3, 'Test', 7, 4, '5'),
(203, '2015-06-20 13:38:04', '23.01890307398788', '72.55749318748713', '23.01606997065651', '72.55803298205137', 2, 'Test', 7, 4, '6'),
(204, '2015-06-20 13:58:40', '23.0220706111496', '72.57136188447475', '23.01739318327915', '72.5760131701827', 2, 'Test', 7, 4, '6'),
(205, '2015-06-20 14:01:48', '23.01887715325994', '72.55750492215157', '23.01887715325994', '72.55750492215157', 2, 'Test', 4, 4, '5'),
(206, '2015-06-20 14:18:25', '23.01893115477083', '72.55751699209213', '23.01893115477083', '72.55751699209213', 2, 'Test', 4, 4, '5'),
(207, '2015-06-20 14:23:43', '23.01893115477083', '72.55751699209213', '23.00918430329155', '72.56219979375601', 3, 'Test', 4, 4, '5'),
(208, '2015-06-20 14:45:30', '23.01893084619083', '72.55748815834522', '23.01560832439213', '72.55913201719522', 3, 'Test', 4, 4, '3'),
(209, '2015-06-20 14:57:42', '23.01884968962612', '72.5575703009963', '23.01118310557443', '72.55973618477583', 3, 'Test', 4, 4, '5'),
(210, '2015-06-20 15:22:39', '23.0220706111496', '72.57136188447475', '23.01401816309932', '72.56977837532759', 2, 'test', 4, 4, '9'),
(211, '2015-06-20 20:15:06', '23.11549440404103', '72.57266443222761', '23.11258778435896', '72.57422011345625', 3, 'Test', 7, 4, '6'),
(212, '2015-06-20 22:24:22', '23.11549378732381', '72.57266409695148', '23.11132533095774', '72.57274154573679', 3, 'Test', 4, 4, '5'),
(213, '2015-06-22 14:29:49', '23.01892590891073', '72.55749654024839', '23.01465169942978', '72.56123688071966', 3, 'Test', 4, 4, '3'),
(214, '2015-06-22 14:42:03', '23.01892652607075', '72.55749687552452', '-33.86790035218573', '151.2018453329802', 2, 'Test', 4, 4, '3'),
(215, '2015-06-22 15:03:13', '23.01918789308679', '72.55740735679865', '23.01639583765649', '72.55924232304096', 3, 'Test', 4, 0, '3'),
(216, '2015-06-22 15:06:08', '30.29305852093041', '-81.39070887118578', '23.01887777042019', '72.57103633135557', 2, 'Test', 7, 4, '9'),
(217, '2015-06-22 16:55:20', '23.02257420104523', '72.57262252271175', '23.02258407533811', '72.57136724889278', 3, 'test', 4, 4, '3'),
(218, '2015-06-22 18:19:53', '40.77077559847077', '-73.97418703883886', '23.01733547814867', '72.56951551884413', 3, 'test', 7, 0, '3'),
(219, '2015-06-23 08:58:12', '23.11515366734973', '72.57237408310175', '23.11079216131239', '72.5710105150938', 1, 'Test', 7, 4, '5'),
(220, '2015-06-23 15:42:50', '-33.86039189698184', '151.1999999731779', '40.77077559847077', '-73.97418703883886', 2, 'test', 7, 0, '3'),
(221, '2015-06-24 07:50:42', '23.0220706111496', '72.57136188447475', '23.0220706111496', '72.57136188447475', 2, 'test', 16, 0, '3'),
(222, '2015-06-24 08:02:59', '23.01694913086358', '72.57199890911579', '23.01721482188694', '72.57275428622961', 1, 'test', 16, 0, '3'),
(223, '2015-06-24 08:04:27', '23.01503651035128', '72.57186010479927', '23.01543613239962', '72.57489502429962', 3, 'test', 7, 0, '3'),
(224, '2015-06-24 08:36:18', '23.0220706111496', '72.57136188447475', '23.01725586354307', '72.57276836782694', 3, 'Test', 7, 0, '3'),
(225, '2015-06-24 08:38:07', '23.00556373254666', '72.57456310093403', '23.01776996323015', '72.57368300110102', 3, 'test', 7, 0, '3'),
(226, '2015-06-24 13:57:02', '37.32621613813387', '-122.0303580164909', '37.32722418482611', '-122.0310751721263', 8, 'test', 7, 4, '5'),
(227, '2015-06-24 14:01:36', '23.01884629524403', '72.55755521357059', '23.01124976266693', '72.5616978853941', 4, 'Test', 7, 4, '5'),
(228, '2015-06-24 14:09:44', '23.01890615978849', '72.55749452859163', '18.9686007145438', '72.82118082046509', 3, 'Test', 7, 4, '5'),
(229, '2015-06-24 14:19:18', '23.020007477516973', '72.5560511648655', '23.01928108403729', '72.51897398382425', 4, '', 2, 1, '5'),
(230, '2015-06-24 15:30:26', '23.01892066305041', '72.55748111754656', '23.01573638818666', '72.56649199873209', 3, 'Test', 7, 4, '6'),
(231, '2015-06-24 15:58:07', '23.01893825211065', '72.55748882889748', '23.01392373414646', '72.56642561405897', 3, 'Test', 7, 4, '3'),
(232, '2015-06-24 16:13:46', '23.01884876388555', '72.55752939730883', '23.01199872690065', '72.56310168653727', 5, 'Test', 7, 0, '3'),
(233, '2015-06-24 16:14:20', '23.01886419289412', '72.55756124854088', '23.01894072075051', '72.56464898586273', 3, 'Test', 7, 0, '3'),
(234, '2015-06-24 16:14:53', '23.01886419289412', '72.55756124854088', '23.01542934346352', '72.56224673241377', 4, 'Test', 7, 0, '3'),
(235, '2015-06-24 16:17:22', '23.01886419289412', '72.55756124854088', '23.0170309057407', '72.56012912839651', 4, 'Test', 7, 0, '3'),
(236, '2015-06-24 16:24:54', '23.01883981505978', '72.55756393074989', '23.01427460217703', '72.56286397576332', 3, 'Test', 7, 4, '5'),
(237, '2015-06-24 16:30:27', '23.01883858073895', '72.5575327500701', '23.01569935770436', '72.56387785077095', 4, 'Test', 7, 4, '3'),
(238, '2015-06-24 16:43:52', '23.01886974733677', '72.55753576755524', '23.01613940261172', '72.56468117237091', 3, 'Test ride', 7, 3, '7'),
(239, '2015-06-24 19:33:09', '23.0189472009299', '72.55751933902502', '23.01912957156512', '72.5591591745615', 3, 'Test', 7, 4, '9'),
(240, '2015-06-24 19:38:20', '23.01895614974855', '72.55750793963671', '23.01544878450691', '72.56120771169662', 3, 'Test', 7, 1, '3'),
(241, '2015-06-24 19:42:13', '23.01890770268876', '72.55756158381701', '23.0118938042671', '72.55848359316587', 3, 'Test', 7, 4, '5'),
(242, '2015-06-25 14:35:41', '23.0162403103229', '72.56144240498543', '30.29305852093041', '-81.39070887118578', 2, 'Test', 7, 0, '8'),
(243, '2015-06-25 14:37:11', '23.01888425060261', '72.55752202123404', '23.01547594024538', '72.56274227052927', 5, 'Test', 7, 4, '3'),
(244, '2015-06-25 14:41:11', '23.01890801126882', '72.55749620497227', '23.01716051110475', '72.56025418639183', 3, 'Test', 7, 4, '5'),
(245, '2015-06-25 14:51:34', '23.0188503067865', '72.55754414945841', '23.01327198741421', '72.56185915321112', 2, 'Test', 7, 4, '9'),
(246, '2015-06-25 14:54:42', '23.01889073078472', '72.55751866847277', '23.01779002110138', '72.56092105060816', 3, 'Test', 7, 0, '8'),
(247, '2015-06-25 14:56:02', '23.01877964190552', '72.55754616111517', '23.01554413815539', '72.5616080313921', 3, 'Test', 7, 4, '3'),
(248, '2015-06-25 15:00:17', '23.01885154110724', '72.55756929516792', '23.01700683615938', '72.56063405424356', 3, 'Test', 7, 4, '3'),
(249, '2015-06-25 15:21:34', '23.019212888016916', '72.55751799792051', '23.02913612635135', '72.58724022656679', 1, 'Mitul ride xyz', 2, 1, '5'),
(250, '2015-06-25 15:26:26', '23.019195916151272', '72.55757097154856', '23.02696109301704', '72.5746402144432', 4, 'Ride test', 2, 1, '5'),
(251, '2015-06-25 15:34:20', '23.01920702500903', '72.55753006786108', '23.022402017946927', '72.5757097452879', 2, 'Mitul ride testing', 2, 1, '5'),
(252, '2015-07-04 11:51:23', '30.29305852093041', '-81.39070887118578', '21.13146559696753', '79.70758013427258', 2, 'test', 7, 4, '3'),
(253, '2015-07-04 12:10:17', '37.32985608006567', '-122.0239237323403', '37.32985608006567', '-122.0239237323403', 2, '', 7, 0, '3'),
(254, '2015-07-06 16:59:02', '37.3319560381251', '-122.0312186703086', '37.33277313175144', '-122.0232759788633', 2, 'test', 7, 4, '2'),
(255, '2015-07-08 14:52:53', '37.33692324366439', '-122.0232246816158', '37.33245029418982', '-122.0186964422464', 2, '', 18, 4, '2'),
(256, '2015-07-22 11:50:31', '23.01894288081034', '72.55781102925539', '23.02345949024208', '72.56270103156567', 2, 'Hello', 3, 2, '5'),
(257, '2015-07-22 12:03:04', '23.019224922611247', '72.55750592797995', '21.55624327512402', '70.83036314696074', 2, '', 3, 2, '5'),
(258, '2015-07-22 12:11:31', '23.018491736134347', '72.5581493228674', '23.02217460014856', '72.56732180714607', 1, '', 3, 0, '3'),
(259, '2015-07-22 12:12:34', '23.019164132469893', '72.55754113197327', '31.120265982717967', '111.51403103023767', 2, '', 3, 0, '3'),
(260, '2015-07-22 12:13:05', '23.019171846956354', '72.55754113197327', '23.019171846956354', '72.55754113197327', 4, '', 3, 0, '3'),
(261, '2015-07-22 12:15:36', '23.01916999547965', '72.5575478374958', '23.025750600334487', '72.5671773031354', 3, 'Hello', 3, 0, '3'),
(262, '2015-07-22 12:31:09', '23.014807228595185', '72.54502728581429', '23.02090759518967', '72.56548583507538', 2, 'Hello', 3, 2, '5'),
(263, '2015-07-22 12:42:33', '23.022601355348893', '72.56365656852722', '23.021334662974525', '72.5534762442112', 2, '', 3, 2, '5'),
(264, '2015-07-22 13:32:03', '37.33719061518615', '-122.0412021875381', '37.33527527574637', '-122.0388669893145', 1, 'test', 22, 4, '3'),
(265, '2015-07-22 09:01:37', '30.30057992815247', '-81.39298874884844', '30.29305852093041', '-81.39070887118578', 2, '', 23, 0, '8'),
(266, '2015-07-22 10:17:46', '30.30059642818071', '-81.39300383627415', '30.29305852093041', '-81.39070887118578', 2, '', 23, 0, '8'),
(267, '2015-07-22 10:19:20', '30.30025369018182', '-81.39302663505077', '30.29652778451646', '-81.39096535742283', 2, '', 23, 0, '8'),
(268, '2015-07-23 11:16:50', '23.01734134123792', '72.5304102525115', '23.020790336457154', '72.56814021617174', 3, '', 3, 2, '5'),
(269, '2015-07-23 11:26:01', '23.019164132469893', '72.55755789577961', '23.0191619724136', '72.5575340911746', 5, '', 3, 2, '3'),
(270, '2015-07-23 12:35:51', '23.01918696734854', '72.5575190037489', '23.01921103654077', '72.55756191909313', 2, '', 3, 0, '3'),
(271, '2015-07-23 12:36:06', '23.01921103654077', '72.55756191909313', '23.01921103654077', '72.55756191909313', 1, '', 3, 0, '3'),
(272, '2015-07-23 12:36:40', '23.01917493275081', '72.55753006786108', '23.01921689954848', '72.55750190466642', 4, '', 3, 1, '5'),
(273, '2015-07-23 13:10:51', '23.018937326370697', '72.5590656325221', '23.04768558356106', '72.59906105697155', 2, '', 3, 1, '5'),
(274, '2015-07-23 09:45:42', '30.293468446986857', '-81.39070887118578', '30.205198463480425', '-81.37974265962839', 2, 'Hurry!', 12, 9, '3'),
(275, '2015-07-23 09:58:32', '30.2892093011654', '-81.39256328344345', '30.29305852093041', '-81.39070887118578', 2, '', 23, 0, '3'),
(276, '2015-07-23 10:03:01', '30.26616351368186', '-81.3879257440567', '30.29305852093041', '-81.39070887118578', 1, '', 23, 9, '9'),
(277, '2015-07-23 21:54:31', '30.29406219983978', '-81.39073871076107', '30.29305852093041', '-81.39070887118578', 3, '', 23, 0, '3'),
(278, '2015-07-24 01:14:33', '30.29209680914941', '-81.39034979045391', '30.29210694162251', '-81.39033202081919', 3, '', 23, 0, '3'),
(279, '2015-07-24 01:15:44', '30.29512608247946', '-81.39072563499212', '30.29305852093041', '-81.39070887118578', 4, 'Nor', 23, 0, '3'),
(280, '2015-07-24 01:17:31', '30.29305852093041', '-81.39070887118578', '30.29185710348063', '-81.39000345021486', 2, '', 23, 0, '3');

-- --------------------------------------------------------

--
-- Table structure for table `tblPopularPlaces`
--

CREATE TABLE IF NOT EXISTS `tblPopularPlaces` (
  `pkPlaceId` int(11) NOT NULL AUTO_INCREMENT,
  `name` varchar(255) NOT NULL,
  `latitude` varchar(255) NOT NULL,
  `longitude` varchar(255) NOT NULL,
  `timestamp` bigint(20) NOT NULL,
  `status` char(1) NOT NULL,
  PRIMARY KEY (`pkPlaceId`)
) ENGINE=InnoDB  DEFAULT CHARSET=utf8 AUTO_INCREMENT=13 ;

--
-- Dumping data for table `tblPopularPlaces`
--

INSERT INTO `tblPopularPlaces` (`pkPlaceId`, `name`, `latitude`, `longitude`, `timestamp`, `status`) VALUES
(6, 'Northway', '62.961944', '-141.923889', 1325464578, '1'),
(8, 'Lynch''s', '30.293466', '-81.39070900000002', 1433153745, '1'),
(11, 'NYC', '40.771133', '-73.974187', 1433931770, '1'),
(12, 'deaswd''s', '54.543533', '34.656546', 0, '0');

-- --------------------------------------------------------

--
-- Table structure for table `tblUser`
--

CREATE TABLE IF NOT EXISTS `tblUser` (
  `pkUserID` int(11) NOT NULL AUTO_INCREMENT,
  `firstName` varchar(55) NOT NULL,
  `lastName` varchar(55) NOT NULL,
  `homeAddress` varchar(255) NOT NULL,
  `emailID` varchar(55) NOT NULL,
  `password` varchar(225) NOT NULL,
  `phoneNo` varchar(12) NOT NULL,
  `uniqueId` varchar(55) NOT NULL,
  `accessToken` varchar(55) NOT NULL,
  `status` char(2) NOT NULL COMMENT 'A- Active,I-In Active,UN-unregister',
  PRIMARY KEY (`pkUserID`)
) ENGINE=InnoDB  DEFAULT CHARSET=utf8 AUTO_INCREMENT=25 ;

--
-- Dumping data for table `tblUser`
--

INSERT INTO `tblUser` (`pkUserID`, `firstName`, `lastName`, `homeAddress`, `emailID`, `password`, `phoneNo`, `uniqueId`, `accessToken`, `status`) VALUES
(1, 'Shraddha', 'Rider', 'Abad', 'php1@webmobtech.com', '123', '9432653', '5c46e88342f8d76c6e98337328bfee3', 'token_680453664', 'A'),
(2, 'Mitul', 'Varmora', 'Virpar', 'mpvarmora@gmail.com', 'varmoramits', '9033313190', 'f37477a4fc7e2a8ecbc6c1e530f463d5', 'token_1452591689', 'A'),
(3, 'Hello', 'Rider', 'Ahmedabad', 'hello@hello.com', '123', '123456', '68346933470df62a313f64bdc33780', 'token_1156947884', 'A'),
(4, 'Samir', 'Rider', 'test', 'sam@gmail.com', '321321', '123123', 'F8D79FD9-3972-42AA-A7CE-08E57BC51576', 'token_1021993526', 'A'),
(5, 'Pramesh', 'Jain', '', '', '', '', '40a21af95edc491432bb19e9acdb74b5', 'token_659993993', 'UN'),
(6, 'Bill', 'B', '2', 'bill@aol.com', 'nick', '1', '9856ae5ac80d81de7d94f08bfb4e89', 'token_1962301179', 'A'),
(7, 'Samir', 'Rider', '', 'ios@webmobtech.com', '091283', '', 'D80F80D8-0574-4E00-8B6B-149A1BCC373B', 'token_230707998', 'A'),
(8, 'Samir', 'Rider', '', '', '', '', 'a5522eab092b7d171a41e5a2fafc46', 'token_810086095', 'UN'),
(9, 'milap', 'rider', '', '', '', '', '5aa4cd9345b3428ee1865739e8e45ea', 'token_2138261848', 'UN'),
(10, 'Bill', 'Bill', '2', 'ddf@aol.com', 'nick', '2', '9aee532763a9a6db3cf9a65c35fed31', 'token_1923156514', 'A'),
(11, 'Darshini', 'Patel', '', '', '', '', '4cf9961d8c60e1a2de69ab69706b2422', 'token_981360071', 'UN'),
(12, 'Christen', 'Davis', '1111 test road ', 'christen@goc7.com', '1234', '9044465127', '376b6a7834fcc2d7b7948cf22588780', 'token_570988643', 'A'),
(13, '', '', '', '', '', '', '04745586-4F3A-4E39-808E-13B9DDC29EB2', 'token_1824833097', 'UN'),
(14, '', '', '', '', '', '', '048EDB5D-22F5-4172-9F90-7FF877FAA601', 'token_1164286525', 'UN'),
(15, 'samir', 'rider', '', '', '', '', '7A689B2A-5187-4852-9140-F623B026A56D', 'token_551588865', 'UN'),
(16, 'Samir', 'Rider test', 'test	', 'abcd@gmail.com', '091283', '123123', '5DDF5B3A-EABC-4F35-9016-A5448B544A29', 'token_879957332', 'A'),
(17, '', '', '', '', '', '', 'fa56da4b94802416e36efdca3efe3f3a', 'token_301011767', 'UN'),
(18, 'sam', 'sol', '', '', '', '', 'F94C2622-8340-4A74-8EBB-813E12549F9B', 'token_1848913324', 'UN'),
(19, '', '', '', '', '', '', '108862cfc3392bad3565a877eca67c7', 'token_2093719463', 'UN'),
(20, '', '', '', '', '', '', '0D2D33FA-D1C7-463D-B3A7-BB324A71CFF9', 'token_516661667', 'UN'),
(21, '', '', '', '', '', '', '59E90599-52B7-4190-8A0F-33F6894BA1F0', 'token_1952153969', 'UN'),
(22, 'Samir', 'Rider', '', '', '', '', 'E83A5F40-38DB-458B-80C2-9A2CE98D5624', 'token_1849745494', 'UN'),
(23, 'Bill', 'Chenoweth', '1301 2nd street north Jacksonville beach fl', 'Billy@aol.com', 'nick1632', '4074182503', 'F5C0027D-4712-4595-BBFA-7EB8D9B631F7', 'token_1022512725', 'A'),
(24, '', '', '', '', '', '', 'BEDC4B2C-CE39-4299-8E61-844E77963F98', 'token_472496016', 'UN');

/*!40101 SET CHARACTER_SET_CLIENT=@OLD_CHARACTER_SET_CLIENT */;
/*!40101 SET CHARACTER_SET_RESULTS=@OLD_CHARACTER_SET_RESULTS */;
/*!40101 SET COLLATION_CONNECTION=@OLD_COLLATION_CONNECTION */;
